"_id","videoFile","thumbnail","title","description","views","isPublished","categories","owner","createdAt","updatedAt"
"66e6986f0c8eb3eec283123a","https://res.cloudinary.com/dybgs03yy/video/upload/v1726385255/wsdzuuyrka8rj3ypqmg7.mp4","https://res.cloudinary.com/dybgs03yy/image/upload/v1727490455/euqdjxg4jwk2outnybst.jpg","A Culinary Journey Through Italy","Experience the rich culinary traditions of Italy, from pasta making to wine tasting.",0,true,"food, travel","66619677acfebd8a444b9c43","2024-09-15T08:18:55.103Z","2024-09-15T08:18:55.103Z"
"66e6986f0c8eb3eec283123b","https://res.cloudinary.com/dybgs03yy/video/upload/v1726385255/wsdzuuyrka8rj3ypqmg7.mp4","https://res.cloudinary.com/dybgs03yy/image/upload/v1727490320/zmxxfaly7zsuc4lb7kbf.png","The Evolution of Video Games","Explore the history of video games, from arcade classics to modern day eSports.",0,true,"gaming, history","66619677acfebd8a444b9c43","2024-09-15T08:18:55.103Z","2024-09-15T08:18:55.103Z"
"66e6986f0c8eb3eec283123c","https://res.cloudinary.com/dybgs03yy/video/upload/v1726385255/wsdzuuyrka8rj3ypqmg7.mp4","https://res.cloudinary.com/dybgs03yy/image/upload/v1727475062/scmgwjuky4api60bhslp.jpg","Mindfulness Meditation for Beginners","A guided introduction to mindfulness meditation techniques for mental clarity and stress reduction.",0,true,"wellness, fitness","66619677acfebd8a444b9c43","2024-09-15T08:18:55.103Z","2024-09-15T08:18:55.103Z"
"66e6986f0c8eb3eec283123d","https://res.cloudinary.com/dybgs03yy/video/upload/v1726385255/wsdzuuyrka8rj3ypqmg7.mp4","https://res.cloudinary.com/dybgs03yy/image/upload/v1727490455/euqdjxg4jwk2outnybst.jpg","Mastering Data Science with Python","Learn the fundamentals of data science, from data cleaning to machine learning using Python.",0,true,"education, coding","66619677acfebd8a444b9c43","2024-09-15T08:18:55.103Z","2024-09-15T08:18:55.103Z"
"66e6986f0c8eb3eec283123e","https://res.cloudinary.com/dybgs03yy/video/upload/v1726385255/wsdzuuyrka8rj3ypqmg7.mp4","https://res.cloudinary.com/dybgs03yy/image/upload/v1727494263/z37gdu6ck0s7flo12nom.jpg","Exploring Ancient Roman Architecture","Discover the architectural marvels of ancient Rome, from the Colosseum to the Pantheon.",0,true,"history, architecture","66619677acfebd8a444b9c43","2024-09-15T08:18:55.103Z","2024-09-15T08:18:55.103Z"
"66e6986f0c8eb3eec283123f","https://res.cloudinary.com/dybgs03yy/video/upload/v1726385255/wsdzuuyrka8rj3ypqmg7.mp4","https://res.cloudinary.com/dybgs03yy/image/upload/v1727487022/ieo6innx7fm443mc6aec.webp","The Physics of Roller Coasters","An educational video explaining the physics behind roller coasters and their thrilling experiences.",0,true,"science, education","66619677acfebd8a444b9c43","2024-09-15T08:18:55.104Z","2024-09-15T08:18:55.104Z"
"66e6986f0c8eb3eec2831240","https://res.cloudinary.com/dybgs03yy/video/upload/v1726385255/wsdzuuyrka8rj3ypqmg7.mp4","https://res.cloudinary.com/dybgs03yy/image/upload/v1727487227/qda6snct2vhyaukrvol0.jpg","Introduction to JavaScript","A beginner's guide to JavaScript, covering basic concepts and syntax.",0,true,"coding","66619677acfebd8a444b9c43","2024-09-15T08:18:55.104Z","2024-09-15T08:18:55.104Z"
"66e6986f0c8eb3eec2831241","https://res.cloudinary.com/dybgs03yy/video/upload/v1726385255/wsdzuuyrka8rj3ypqmg7.mp4","https://res.cloudinary.com/dybgs03yy/image/upload/v1727490455/euqdjxg4jwk2outnybst.jpg","Advanced Python Techniques","Explore advanced Python techniques and libraries to enhance your programming skills.",0,true,"coding","66619677acfebd8a444b9c43","2024-09-15T08:18:55.104Z","2024-09-15T08:18:55.104Z"
"66e6986f0c8eb3eec2831242","https://res.cloudinary.com/dybgs03yy/video/upload/v1726385255/wsdzuuyrka8rj3ypqmg7.mp4","https://res.cloudinary.com/dybgs03yy/image/upload/v1727475062/scmgwjuky4api60bhslp.jpg","Building Web Apps with React","Learn how to build interactive web applications using React.js.",0,true,"coding","66619677acfebd8a444b9c43","2024-09-15T08:18:55.104Z","2024-09-15T08:18:55.104Z"
"66e6986f0c8eb3eec2831243","https://res.cloudinary.com/dybgs03yy/video/upload/v1726385255/wsdzuuyrka8rj3ypqmg7.mp4","https://res.cloudinary.com/dybgs03yy/image/upload/v1727475062/scmgwjuky4api60bhslp.jpg","Understanding APIs","A comprehensive guide to understanding and working with APIs in modern applications.",0,true,"coding","66619677acfebd8a444b9c43","2024-09-15T08:18:55.104Z","2024-09-15T08:18:55.104Z"
"66e6986f0c8eb3eec2831244","https://res.cloudinary.com/dybgs03yy/video/upload/v1726385255/wsdzuuyrka8rj3ypqmg7.mp4","https://res.cloudinary.com/dybgs03yy/image/upload/v1727475062/scmgwjuky4api60bhslp.jpg","Mastering SQL Queries","Dive into SQL and learn how to write complex queries to manage and analyze data.",0,true,"coding","66619677acfebd8a444b9c43","2024-09-15T08:18:55.104Z","2024-09-15T08:18:55.104Z"
"66e6986f0c8eb3eec2831245","https://res.cloudinary.com/dybgs03yy/video/upload/v1726385255/wsdzuuyrka8rj3ypqmg7.mp4","https://res.cloudinary.com/dybgs03yy/image/upload/v1727490455/euqdjxg4jwk2outnybst.jpg","Introduction to Node.js","Learn the basics of Node.js and how to use it for server-side development.",0,true,"coding","66619677acfebd8a444b9c43","2024-09-15T08:18:55.104Z","2024-09-15T08:18:55.104Z"
"66e6986f0c8eb3eec2831246","https://res.cloudinary.com/dybgs03yy/video/upload/v1726385255/wsdzuuyrka8rj3ypqmg7.mp4","https://res.cloudinary.com/dybgs03yy/image/upload/v1727487227/qda6snct2vhyaukrvol0.jpg","Git and Version Control","A guide to using Git for version control and managing code changes efficiently.",0,true,"coding","66619677acfebd8a444b9c43","2024-09-15T08:18:55.104Z","2024-09-15T08:18:55.104Z"
"66e6986f0c8eb3eec2831247","https://res.cloudinary.com/dybgs03yy/video/upload/v1726385255/wsdzuuyrka8rj3ypqmg7.mp4","https://res.cloudinary.com/dybgs03yy/image/upload/v1727494263/z37gdu6ck0s7flo12nom.jpg","JavaScript Frameworks Overview","An overview of popular JavaScript frameworks and their use cases.",0,true,"coding","66619677acfebd8a444b9c43","2024-09-15T08:18:55.104Z","2024-09-15T08:18:55.104Z"
"66e6986f0c8eb3eec2831248","https://res.cloudinary.com/dybgs03yy/video/upload/v1726385255/wsdzuuyrka8rj3ypqmg7.mp4","https://res.cloudinary.com/dybgs03yy/image/upload/v1727490587/rw2wbvbkvqbfwj4wjyif.jpg","Building RESTful Services","Learn how to build and consume RESTful services using modern tools and techniques.",0,true,"coding","66619677acfebd8a444b9c43","2024-09-15T08:18:55.104Z","2024-09-15T08:18:55.104Z"
"66e6986f0c8eb3eec2831249","https://res.cloudinary.com/dybgs03yy/video/upload/v1726385255/wsdzuuyrka8rj3ypqmg7.mp4","https://res.cloudinary.com/dybgs03yy/image/upload/v1727475062/scmgwjuky4api60bhslp.jpg","Exploring Asynchronous JavaScript","Understand asynchronous programming in JavaScript, including callbacks, promises, and async/await.",0,true,"coding","66619677acfebd8a444b9c43","2024-09-15T08:18:55.104Z","2024-09-15T08:18:55.104Z"
"66e6986f0c8eb3eec283124a","https://res.cloudinary.com/dybgs03yy/video/upload/v1726385255/wsdzuuyrka8rj3ypqmg7.mp4","https://res.cloudinary.com/dybgs03yy/image/upload/v1727490455/euqdjxg4jwk2outnybst.jpg","Creating Dynamic Websites","Learn how to create dynamic and interactive websites using modern web technologies.",0,true,"coding","66619677acfebd8a444b9c43","2024-09-15T08:18:55.104Z","2024-09-15T08:18:55.104Z"
"66e6986f0c8eb3eec283124b","https://res.cloudinary.com/dybgs03yy/video/upload/v1726385255/wsdzuuyrka8rj3ypqmg7.mp4","https://res.cloudinary.com/dybgs03yy/image/upload/v1727490320/zmxxfaly7zsuc4lb7kbf.png","Debugging Techniques","Explore various techniques and tools for debugging code effectively.",0,true,"coding","66619677acfebd8a444b9c43","2024-09-15T08:18:55.104Z","2024-09-15T08:18:55.104Z"
"66e6989ca4873093caea8592","https://res.cloudinary.com/dybgs03yy/video/upload/v1726385255/wsdzuuyrka8rj3ypqmg7.mp4","https://res.cloudinary.com/dybgs03yy/image/upload/v1727490455/euqdjxg4jwk2outnybst.jpg","Exploring the Deep Sea","Dive deep into the unexplored regions of the ocean, revealing mysterious creatures and dark waters.",0,true,"documentary, ocean","66619677acfebd8a444b9c43","2024-09-15T08:19:40.648Z","2024-09-15T08:19:40.648Z"
"66e6989ca4873093caea8593","https://res.cloudinary.com/dybgs03yy/video/upload/v1726385255/wsdzuuyrka8rj3ypqmg7.mp4","https://res.cloudinary.com/dybgs03yy/image/upload/v1727490455/euqdjxg4jwk2outnybst.jpg","Space Exploration: Mars","A look at NASA's mission to Mars and the search for signs of life on the Red Planet.",0,true,"space, science","66619677acfebd8a444b9c43","2024-09-15T08:19:40.649Z","2024-09-15T08:19:40.649Z"
"66e6989ca4873093caea8594","https://res.cloudinary.com/dybgs03yy/video/upload/v1726385255/wsdzuuyrka8rj3ypqmg7.mp4","https://res.cloudinary.com/dybgs03yy/image/upload/v1727487227/qda6snct2vhyaukrvol0.jpg","Wildlife of the Savannah","Explore the stunning wildlife of the African savannah, from lions to elephants.",0,true,"wildlife, nature","66619677acfebd8a444b9c43","2024-09-15T08:19:40.649Z","2024-09-15T08:19:40.649Z"
"66e6989ca4873093caea8595","https://res.cloudinary.com/dybgs03yy/video/upload/v1726385255/wsdzuuyrka8rj3ypqmg7.mp4","https://res.cloudinary.com/dybgs03yy/image/upload/v1727487022/ieo6innx7fm443mc6aec.webp","The Art of Coding","An insightful documentary on the evolution of programming and its impact on the modern world.",0,true,"technology, coding","66619677acfebd8a444b9c43","2024-09-15T08:19:40.649Z","2024-09-15T08:19:40.649Z"
"66e6989ca4873093caea8596","https://res.cloudinary.com/dybgs03yy/video/upload/v1726385255/wsdzuuyrka8rj3ypqmg7.mp4","https://res.cloudinary.com/dybgs03yy/image/upload/v1727487227/qda6snct2vhyaukrvol0.jpg","Innovations in AI","A deep dive into the world of artificial intelligence and its transformative potential.",0,true,"technology, ai","66619677acfebd8a444b9c43","2024-09-15T08:19:40.650Z","2024-09-15T08:19:40.650Z"
"66e6989ca4873093caea8597","https://res.cloudinary.com/dybgs03yy/video/upload/v1726385255/wsdzuuyrka8rj3ypqmg7.mp4","https://res.cloudinary.com/dybgs03yy/image/upload/v1727487022/ieo6innx7fm443mc6aec.webp","Adventures in the Arctic","Join a team of explorers as they venture into the icy realms of the Arctic.",0,true,"adventure, nature","66619677acfebd8a444b9c43","2024-09-15T08:19:40.650Z","2024-09-15T08:19:40.650Z"
"66e6989ca4873093caea8598","https://res.cloudinary.com/dybgs03yy/video/upload/v1726385255/wsdzuuyrka8rj3ypqmg7.mp4","https://res.cloudinary.com/dybgs03yy/image/upload/v1727490587/rw2wbvbkvqbfwj4wjyif.jpg","The Rise of eSports","An in-depth look into the growing phenomenon of competitive gaming and its global impact.",0,true,"gaming, sports","66619677acfebd8a444b9c43","2024-09-15T08:19:40.650Z","2024-09-15T08:19:40.650Z"
"66e6989ca4873093caea8599","https://res.cloudinary.com/dybgs03yy/video/upload/v1726385255/wsdzuuyrka8rj3ypqmg7.mp4","https://res.cloudinary.com/dybgs03yy/image/upload/v1727487227/qda6snct2vhyaukrvol0.jpg","Mastering Python Programming","Learn advanced Python programming concepts with real-world applications.",0,true,"education, coding","66619677acfebd8a444b9c43","2024-09-15T08:19:40.650Z","2024-09-15T08:19:40.650Z"
"66e6989ca4873093caea859a","https://res.cloudinary.com/dybgs03yy/video/upload/v1726385255/wsdzuuyrka8rj3ypqmg7.mp4","https://res.cloudinary.com/dybgs03yy/image/upload/v1727490587/rw2wbvbkvqbfwj4wjyif.jpg","History of the Internet","Trace the evolution of the internet from its inception to its dominance in today's world.",0,true,"technology, history","66619677acfebd8a444b9c43","2024-09-15T08:19:40.650Z","2024-09-15T08:19:40.650Z"
"66e6989ca4873093caea859b","https://res.cloudinary.com/dybgs03yy/video/upload/v1726385255/wsdzuuyrka8rj3ypqmg7.mp4","https://res.cloudinary.com/dybgs03yy/image/upload/v1727490320/zmxxfaly7zsuc4lb7kbf.png","Yoga for Beginners","An introductory guide to yoga, focusing on basic poses and breathing techniques.",0,true,"fitness, wellness","66619677acfebd8a444b9c43","2024-09-15T08:19:40.650Z","2024-09-15T08:19:40.650Z"
"66e6989ca4873093caea859c","https://res.cloudinary.com/dybgs03yy/video/upload/v1726385255/wsdzuuyrka8rj3ypqmg7.mp4","https://res.cloudinary.com/dybgs03yy/image/upload/v1727490587/rw2wbvbkvqbfwj4wjyif.jpg","Introduction to Machine Learning","A comprehensive overview of machine learning algorithms and their real-world applications.",0,true,"education, machine learning","66619677acfebd8a444b9c43","2024-09-15T08:19:40.651Z","2024-09-15T08:19:40.651Z"
"66e6989ca4873093caea859d","https://res.cloudinary.com/dybgs03yy/video/upload/v1726385255/wsdzuuyrka8rj3ypqmg7.mp4","https://res.cloudinary.com/dybgs03yy/image/upload/v1727490587/rw2wbvbkvqbfwj4wjyif.jpg","Cycling Through the Alps","Follow cyclists as they navigate through challenging Alpine terrain.",0,true,"adventure, cycling","66619677acfebd8a444b9c43","2024-09-15T08:19:40.651Z","2024-09-15T08:19:40.651Z"
"66e69ca32b1eb70a6795e61f","https://res.cloudinary.com/dybgs03yy/video/upload/v1726385255/wsdzuuyrka8rj3ypqmg7.mp4","https://res.cloudinary.com/dybgs03yy/image/upload/v1727494263/z37gdu6ck0s7flo12nom.jpg","Exploring Volcanoes Around the World","Discover the most active and dangerous volcanoes across the globe.",0,true,"geology, nature","66619677acfebd8a444b9c43","2024-09-15T08:36:51.679Z","2024-09-15T08:36:51.679Z"
"66e69ca32b1eb70a6795e620","https://res.cloudinary.com/dybgs03yy/video/upload/v1726385255/wsdzuuyrka8rj3ypqmg7.mp4","https://res.cloudinary.com/dybgs03yy/image/upload/v1727490320/zmxxfaly7zsuc4lb7kbf.png","The Great Wall of China","A historical journey through the construction and significance of the Great Wall of China.",0,true,"history, architecture","66619677acfebd8a444b9c43","2024-09-15T08:36:51.681Z","2024-09-15T08:36:51.681Z"
"66e69ca32b1eb70a6795e621","https://res.cloudinary.com/dybgs03yy/video/upload/v1726385255/wsdzuuyrka8rj3ypqmg7.mp4","https://res.cloudinary.com/dybgs03yy/image/upload/v1727490320/zmxxfaly7zsuc4lb7kbf.png","The World of Quantum Computing","An overview of quantum computers and their potential to revolutionize technology.",0,true,"technology, science","66619677acfebd8a444b9c43","2024-09-15T08:36:51.681Z","2024-09-15T08:36:51.681Z"
"66e69ca32b1eb70a6795e622","https://res.cloudinary.com/dybgs03yy/video/upload/v1726385255/wsdzuuyrka8rj3ypqmg7.mp4","https://res.cloudinary.com/dybgs03yy/image/upload/v1727494263/z37gdu6ck0s7flo12nom.jpg","Introduction to Blockchain","Learn how blockchain technology is shaping the future of decentralized systems.",0,true,"technology, finance","66619677acfebd8a444b9c43","2024-09-15T08:36:51.681Z","2024-09-15T08:36:51.681Z"
"66e69ca32b1eb70a6795e623","https://res.cloudinary.com/dybgs03yy/video/upload/v1726385255/wsdzuuyrka8rj3ypqmg7.mp4","https://res.cloudinary.com/dybgs03yy/image/upload/v1727487022/ieo6innx7fm443mc6aec.webp","The Mysteries of the Bermuda Triangle","Investigating the strange occurrences within the Bermuda Triangle.",0,true,"mystery, ocean","66619677acfebd8a444b9c43","2024-09-15T08:36:51.682Z","2024-09-15T08:36:51.682Z"
"66e69ca32b1eb70a6795e624","https://res.cloudinary.com/dybgs03yy/video/upload/v1726385255/wsdzuuyrka8rj3ypqmg7.mp4","https://res.cloudinary.com/dybgs03yy/image/upload/v1727487022/ieo6innx7fm443mc6aec.webp","Advanced JavaScript Techniques","Learn advanced JavaScript concepts to enhance your coding skills.",0,true,"education, coding","66619677acfebd8a444b9c43","2024-09-15T08:36:51.682Z","2024-09-15T08:36:51.682Z"
"66e69ca32b1eb70a6795e625","https://res.cloudinary.com/dybgs03yy/video/upload/v1726385255/wsdzuuyrka8rj3ypqmg7.mp4","https://res.cloudinary.com/dybgs03yy/image/upload/v1727494263/z37gdu6ck0s7flo12nom.jpg","The Science of Happiness","Explore the science behind happiness and mental well-being.",0,true,"science, wellness","66619677acfebd8a444b9c43","2024-09-15T08:36:51.683Z","2024-09-15T08:36:51.683Z"
"66e69ca32b1eb70a6795e626","https://res.cloudinary.com/dybgs03yy/video/upload/v1726385255/wsdzuuyrka8rj3ypqmg7.mp4","https://res.cloudinary.com/dybgs03yy/image/upload/v1727494263/z37gdu6ck0s7flo12nom.jpg","Life of Leonardo da Vinci","A detailed exploration of the life and inventions of Leonardo da Vinci.",0,true,"history, art","66619677acfebd8a444b9c43","2024-09-15T08:36:51.683Z","2024-09-15T08:36:51.683Z"
"66e69ca32b1eb70a6795e627","https://res.cloudinary.com/dybgs03yy/video/upload/v1726385255/wsdzuuyrka8rj3ypqmg7.mp4","https://res.cloudinary.com/dybgs03yy/image/upload/v1727490587/rw2wbvbkvqbfwj4wjyif.jpg","How to Build a PC","Step-by-step guide to building your own personal computer.",0,true,"technology, education","66619677acfebd8a444b9c43","2024-09-15T08:36:51.683Z","2024-09-15T08:36:51.683Z"
"66e69ca32b1eb70a6795e628","https://res.cloudinary.com/dybgs03yy/video/upload/v1726385255/wsdzuuyrka8rj3ypqmg7.mp4","https://res.cloudinary.com/dybgs03yy/image/upload/v1727490455/euqdjxg4jwk2outnybst.jpg","Climate Change: The Global Challenge","Understanding the impacts of climate change and the efforts to combat it.",0,true,"environment, science","66619677acfebd8a444b9c43","2024-09-15T08:36:51.683Z","2024-09-15T08:36:51.683Z"
"66e69ca32b1eb70a6795e629","https://res.cloudinary.com/dybgs03yy/video/upload/v1726385255/wsdzuuyrka8rj3ypqmg7.mp4","https://res.cloudinary.com/dybgs03yy/image/upload/v1727490587/rw2wbvbkvqbfwj4wjyif.jpg","Exploring the Galapagos Islands","Dive into the unique wildlife and landscapes of the Galapagos Islands.",0,true,"nature, adventure","66619677acfebd8a444b9c43","2024-09-15T08:36:51.683Z","2024-09-15T08:36:51.683Z"
"66e69ca32b1eb70a6795e62a","https://res.cloudinary.com/dybgs03yy/video/upload/v1726385255/wsdzuuyrka8rj3ypqmg7.mp4","https://res.cloudinary.com/dybgs03yy/image/upload/v1727490587/rw2wbvbkvqbfwj4wjyif.jpg","The Rise of Cryptocurrency","A comprehensive guide to the world of cryptocurrencies and blockchain technology.",0,true,"technology, finance","66619677acfebd8a444b9c43","2024-09-15T08:36:51.684Z","2024-09-15T08:36:51.684Z"
"66e69ca32b1eb70a6795e62b","https://res.cloudinary.com/dybgs03yy/video/upload/v1726385255/wsdzuuyrka8rj3ypqmg7.mp4","https://res.cloudinary.com/dybgs03yy/image/upload/v1727490320/zmxxfaly7zsuc4lb7kbf.png","Virtual Reality: The Future of Gaming","An in-depth look into the future of virtual reality in gaming.",0,true,"gaming, technology","66619677acfebd8a444b9c43","2024-09-15T08:36:51.684Z","2024-09-15T08:36:51.684Z"
"66e69ca32b1eb70a6795e62c","https://res.cloudinary.com/dybgs03yy/video/upload/v1726385255/wsdzuuyrka8rj3ypqmg7.mp4","https://res.cloudinary.com/dybgs03yy/image/upload/v1727494263/z37gdu6ck0s7flo12nom.jpg","Solar Power Explained","Learn about solar energy, its applications, and its importance for a sustainable future.",0,true,"science, environment","66619677acfebd8a444b9c43","2024-09-15T08:36:51.684Z","2024-09-15T08:36:51.684Z"
"66e69ca32b1eb70a6795e62d","https://res.cloudinary.com/dybgs03yy/video/upload/v1726385255/wsdzuuyrka8rj3ypqmg7.mp4","https://res.cloudinary.com/dybgs03yy/image/upload/v1727487227/qda6snct2vhyaukrvol0.jpg","The Art of Pottery Making","Discover the traditional techniques of pottery making in different cultures.",0,true,"art, education","66619677acfebd8a444b9c43","2024-09-15T08:36:51.684Z","2024-09-15T08:36:51.684Z"
"66e69ca32b1eb70a6795e62e","https://res.cloudinary.com/dybgs03yy/video/upload/v1726385255/wsdzuuyrka8rj3ypqmg7.mp4","https://res.cloudinary.com/dybgs03yy/image/upload/v1727490320/zmxxfaly7zsuc4lb7kbf.png","How to Improve Your Photography","Tips and tricks for capturing stunning photos using a DSLR or smartphone.",0,true,"art, technology","66619677acfebd8a444b9c43","2024-09-15T08:36:51.684Z","2024-09-15T08:36:51.684Z"
"66e6b57c86d627d7f8559219","https://res.cloudinary.com/dybgs03yy/video/upload/v1726385255/wsdzuuyrka8rj3ypqmg7.mp4","https://res.cloudinary.com/dybgs03yy/image/upload/v1727490587/rw2wbvbkvqbfwj4wjyif.jpg","A Comprehensive Guide to Understanding the Deep Ocean Ecosystem and Its Intricacies","This video delves deep into the mysterious ecosystems that thrive at the bottom of the ocean. You will explore the strange and beautiful creatures that inhabit the ocean floor and the delicate balance that keeps this ecosystem alive.",0,true,"nature, science","66619677acfebd8a444b9c43","2024-09-15T10:22:52.457Z","2024-09-15T13:06:52.933Z"
"66e6b57c86d627d7f855921a","https://res.cloudinary.com/dybgs03yy/video/upload/v1726385255/wsdzuuyrka8rj3ypqmg7.mp4","https://res.cloudinary.com/dybgs03yy/image/upload/v1727487022/ieo6innx7fm443mc6aec.webp","The Evolution of Ancient Civilizations and Their Impact on Modern Society","This documentary provides a detailed examination of ancient civilizations, from Mesopotamia to the Roman Empire, and how their innovations in governance, architecture, and technology have shaped the world we live in today.",0,true,"history, education","66619677acfebd8a444b9c43","2024-09-15T10:22:52.458Z","2024-09-15T13:06:52.933Z"
"66e6b57c86d627d7f855921b","https://res.cloudinary.com/dybgs03yy/video/upload/v1726385255/wsdzuuyrka8rj3ypqmg7.mp4","https://res.cloudinary.com/dybgs03yy/image/upload/v1727490455/euqdjxg4jwk2outnybst.jpg","Mastering Advanced Algorithms in Computer Science: A Step-by-Step Tutorial","This video provides a step-by-step guide to mastering advanced algorithms. It covers sorting, searching, and dynamic programming algorithms in detail, helping developers understand the best practices for writing efficient code.",0,true,"education, coding","66619677acfebd8a444b9c43","2024-09-15T10:22:52.458Z","2024-09-15T13:06:52.934Z"
"66e6b57c86d627d7f855921c","https://res.cloudinary.com/dybgs03yy/video/upload/v1726385255/wsdzuuyrka8rj3ypqmg7.mp4","https://res.cloudinary.com/dybgs03yy/image/upload/v1727490587/rw2wbvbkvqbfwj4wjyif.jpg","The Future of Renewable Energy: How Wind, Solar, and Hydro Are Changing the World","A thorough exploration of renewable energy technologies such as wind, solar, and hydroelectric power. This video covers their current applications, the challenges they face, and the potential they hold to replace fossil fuels in the near future.",0,true,"technology, environment","66619677acfebd8a444b9c43","2024-09-15T10:22:52.458Z","2024-09-15T13:06:52.934Z"
"66e6b57c86d627d7f855921d","https://res.cloudinary.com/dybgs03yy/video/upload/v1726385255/wsdzuuyrka8rj3ypqmg7.mp4","https://res.cloudinary.com/dybgs03yy/image/upload/v1727494263/z37gdu6ck0s7flo12nom.jpg","How to Grow Your Own Organic Garden in Small Urban Spaces","This guide teaches you how to create a thriving organic garden, even if you live in a small apartment. From container gardening to vertical gardens, this video covers all the tips and tricks you need to start growing your own food in the city.",0,true,"lifestyle, nature","66619677acfebd8a444b9c43","2024-09-15T10:22:52.458Z","2024-09-15T13:06:52.934Z"
"66e6b57c86d627d7f855921e","https://res.cloudinary.com/dybgs03yy/video/upload/v1726385255/wsdzuuyrka8rj3ypqmg7.mp4","https://res.cloudinary.com/dybgs03yy/image/upload/v1727494263/z37gdu6ck0s7flo12nom.jpg","Exploring the Worldâ€™s Most Dangerous Animal Encounters: What You Need to Know","In this thrilling documentary, we examine some of the most dangerous animal encounters humans have experienced. Learn how to avoid dangerous situations and what to do if you ever find yourself face-to-face with a wild animal.",0,true,"nature, adventure","66619677acfebd8a444b9c43","2024-09-15T10:22:52.458Z","2024-09-15T13:06:52.934Z"
"66e6b57c86d627d7f855921f","https://res.cloudinary.com/dybgs03yy/video/upload/v1726385255/wsdzuuyrka8rj3ypqmg7.mp4","https://res.cloudinary.com/dybgs03yy/image/upload/v1727494263/z37gdu6ck0s7flo12nom.jpg","Understanding the Psychological Impact of Social Media on Teenagers","This video explores the ways in which social media affects the mental health of teenagers. Experts weigh in on both the positive and negative impacts of platforms like Instagram, TikTok, and Snapchat, and provide advice for parents and teens alike.",0,true,"wellness, education","66619677acfebd8a444b9c43","2024-09-15T10:22:52.458Z","2024-09-15T13:06:52.934Z"
"66e6b57c86d627d7f8559220","https://res.cloudinary.com/dybgs03yy/video/upload/v1726385255/wsdzuuyrka8rj3ypqmg7.mp4","https://res.cloudinary.com/dybgs03yy/image/upload/v1727487227/qda6snct2vhyaukrvol0.jpg","The Art of Mindfulness: Techniques to Bring Calm and Focus Into Your Life","In this instructional video, learn the ancient art of mindfulness and how it can help reduce stress, improve focus, and bring a sense of calm to your daily life. Practical techniques and exercises are demonstrated to help you achieve mindfulness.",0,true,"wellness, lifestyle","66619677acfebd8a444b9c43","2024-09-15T10:22:52.458Z","2024-09-15T13:06:52.934Z"
"66e6b57c86d627d7f8559221","https://res.cloudinary.com/dybgs03yy/video/upload/v1726385255/wsdzuuyrka8rj3ypqmg7.mp4","https://res.cloudinary.com/dybgs03yy/image/upload/v1727490587/rw2wbvbkvqbfwj4wjyif.jpg","Behind the Scenes: How Movie Magic is Made with CGI and Practical Effects","A fascinating look at the techniques used by filmmakers to create breathtaking visual effects. From the use of green screens to CGI and practical effects, this video provides a behind-the-scenes look at the magic of movie-making.",0,true,"film, technology","66619677acfebd8a444b9c43","2024-09-15T10:22:52.458Z","2024-09-15T13:06:52.934Z"
"66e6b57c86d627d7f8559222","https://res.cloudinary.com/dybgs03yy/video/upload/v1726385255/wsdzuuyrka8rj3ypqmg7.mp4","https://res.cloudinary.com/dybgs03yy/image/upload/v1727475062/scmgwjuky4api60bhslp.jpg","Breaking Down the Basics of Cryptocurrency: How Bitcoin and Ethereum Work","This video simplifies the complex world of cryptocurrencies. It breaks down how Bitcoin and Ethereum work, how to invest in them, and what the future might hold for blockchain technology in finance and beyond.",0,true,"finance, technology","66619677acfebd8a444b9c43","2024-09-15T10:22:52.459Z","2024-09-15T13:06:52.934Z"
"66e6b57c86d627d7f8559223","https://res.cloudinary.com/dybgs03yy/video/upload/v1726385255/wsdzuuyrka8rj3ypqmg7.mp4","https://res.cloudinary.com/dybgs03yy/image/upload/v1727475062/scmgwjuky4api60bhslp.jpg","Creating a Balanced Diet: How to Plan Healthy Meals for the Whole Family","In this video, a nutrition expert shows you how to plan balanced meals that provide all the nutrients your family needs. You will also learn how to make healthy eating choices that fit your budget and lifestyle.",0,true,"wellness, lifestyle","66619677acfebd8a444b9c43","2024-09-15T10:22:52.459Z","2024-09-15T13:06:52.934Z"
"66e6b57c86d627d7f8559224","https://res.cloudinary.com/dybgs03yy/video/upload/v1726385255/wsdzuuyrka8rj3ypqmg7.mp4","https://res.cloudinary.com/dybgs03yy/image/upload/v1727487022/ieo6innx7fm443mc6aec.webp","The Science of Sleep: Understanding the Importance of Rest for Overall Health","This video explains the science behind sleep and why it is so crucial to our overall health and well-being. It also provides tips on how to improve your sleep hygiene to ensure better rest and recovery.",0,true,"wellness, education","66619677acfebd8a444b9c43","2024-09-15T10:22:52.459Z","2024-09-15T13:06:52.934Z"
"66e6b5bfe1c8a7042cf5b9ac","https://res.cloudinary.com/dybgs03yy/video/upload/v1726385255/wsdzuuyrka8rj3ypqmg7.mp4","https://res.cloudinary.com/dybgs03yy/image/upload/v1727490455/euqdjxg4jwk2outnybst.jpg","Exploring the Hidden Depths of the Amazon Rainforest: A Journey Through One of the World's Most Diverse Ecosystems","This video takes you on a mesmerizing journey through the Amazon Rainforest, showcasing its extraordinary biodiversity, including rare species of animals and plants, and the indigenous cultures that have thrived in this ecosystem for centuries.",0,true,"nature, documentary","66619677acfebd8a444b9c43","2024-09-15T10:23:59.476Z","2024-09-15T13:06:52.934Z"
"66e6b5bfe1c8a7042cf5b9ad","https://res.cloudinary.com/dybgs03yy/video/upload/v1726385255/wsdzuuyrka8rj3ypqmg7.mp4","https://res.cloudinary.com/dybgs03yy/image/upload/v1727490455/euqdjxg4jwk2outnybst.jpg","The Impact of Climate Change on Coastal Cities: Preparing for the Future","An in-depth analysis of how climate change is affecting coastal cities around the world, with rising sea levels and unpredictable weather patterns. The video also explores innovative solutions being implemented to mitigate these challenges.",0,true,"science, environment","66619677acfebd8a444b9c43","2024-09-15T10:23:59.477Z","2024-09-15T13:06:52.934Z"
"66e6b5bfe1c8a7042cf5b9ae","https://res.cloudinary.com/dybgs03yy/video/upload/v1726385255/wsdzuuyrka8rj3ypqmg7.mp4","https://res.cloudinary.com/dybgs03yy/image/upload/v1727475062/scmgwjuky4api60bhslp.jpg","Understanding Quantum Computing: The Future of Processing Power","This video simplifies the complex subject of quantum computing, explaining how it differs from classical computing, and discussing its potential to revolutionize industries ranging from pharmaceuticals to artificial intelligence.",0,true,"technology, education","66619677acfebd8a444b9c43","2024-09-15T10:23:59.477Z","2024-09-15T13:06:52.934Z"
"66e6b5bfe1c8a7042cf5b9af","https://res.cloudinary.com/dybgs03yy/video/upload/v1726385255/wsdzuuyrka8rj3ypqmg7.mp4","https://res.cloudinary.com/dybgs03yy/image/upload/v1727490455/euqdjxg4jwk2outnybst.jpg","The Evolution of Space Travel: From the Moon Landing to Mars Exploration","An educational documentary that traces the history of space exploration, starting from the moon landing in 1969 to the modern-day missions to Mars. Learn about the technological advancements and future possibilities in space travel.",0,true,"space, science","66619677acfebd8a444b9c43","2024-09-15T10:23:59.477Z","2024-09-15T13:06:52.934Z"
"66e6b5bfe1c8a7042cf5b9b0","https://res.cloudinary.com/dybgs03yy/video/upload/v1726385255/wsdzuuyrka8rj3ypqmg7.mp4","https://res.cloudinary.com/dybgs03yy/image/upload/v1727490320/zmxxfaly7zsuc4lb7kbf.png","From Concept to Code: A Complete Guide to Building Your First Mobile App","This comprehensive guide walks you through the process of developing your first mobile application, from the initial concept and design to coding and deployment on both iOS and Android platforms.",0,true,"technology, coding","66619677acfebd8a444b9c43","2024-09-15T10:23:59.477Z","2024-09-15T13:06:52.934Z"
"66e6b5bfe1c8a7042cf5b9b1","https://res.cloudinary.com/dybgs03yy/video/upload/v1726385255/wsdzuuyrka8rj3ypqmg7.mp4","https://res.cloudinary.com/dybgs03yy/image/upload/v1727475062/scmgwjuky4api60bhslp.jpg","The Rise of Eco-Friendly Architecture: Sustainable Building Practices for the Future","Learn about the cutting-edge architectural designs and sustainable building practices that are paving the way for greener, more energy-efficient cities. This video covers innovative materials and construction methods used in modern eco-friendly architecture.",0,true,"technology, environment","66619677acfebd8a444b9c43","2024-09-15T10:23:59.478Z","2024-09-15T13:06:52.934Z"
"66e6b5bfe1c8a7042cf5b9b2","https://res.cloudinary.com/dybgs03yy/video/upload/v1726385255/wsdzuuyrka8rj3ypqmg7.mp4","https://res.cloudinary.com/dybgs03yy/image/upload/v1727487227/qda6snct2vhyaukrvol0.jpg","Mastering the Fundamentals of Graphic Design: From Theory to Practice","A detailed tutorial that introduces the fundamental principles of graphic design, including color theory, typography, and layout techniques. Perfect for beginners looking to start their journey in visual design.",0,true,"education, design","66619677acfebd8a444b9c43","2024-09-15T10:23:59.478Z","2024-09-15T13:06:52.934Z"
"66e6b5bfe1c8a7042cf5b9b3","https://res.cloudinary.com/dybgs03yy/video/upload/v1726385255/wsdzuuyrka8rj3ypqmg7.mp4","https://res.cloudinary.com/dybgs03yy/image/upload/v1727487022/ieo6innx7fm443mc6aec.webp","A Deep Dive into the World of AI-Powered Robotics: Revolutionizing Industries","Explore the latest advancements in AI-powered robotics and how these machines are transforming industries such as manufacturing, healthcare, and logistics. The video also discusses ethical considerations surrounding the use of AI in robotics.",0,true,"technology, ai","66619677acfebd8a444b9c43","2024-09-15T10:23:59.478Z","2024-09-15T13:06:52.934Z"
"66e6b5bfe1c8a7042cf5b9b4","https://res.cloudinary.com/dybgs03yy/video/upload/v1726385255/wsdzuuyrka8rj3ypqmg7.mp4","https://res.cloudinary.com/dybgs03yy/image/upload/v1727494263/z37gdu6ck0s7flo12nom.jpg","The Power of Meditation: Unlocking the Secrets to Mental Clarity and Emotional Well-Being","Discover how meditation can improve mental clarity, reduce stress, and enhance emotional well-being in this instructional video. You'll learn simple meditation techniques that can be easily incorporated into your daily routine.",0,true,"wellness, lifestyle","66619677acfebd8a444b9c43","2024-09-15T10:23:59.478Z","2024-09-15T13:06:52.934Z"
"66e6b5bfe1c8a7042cf5b9b5","https://res.cloudinary.com/dybgs03yy/video/upload/v1726385255/wsdzuuyrka8rj3ypqmg7.mp4","https://res.cloudinary.com/dybgs03yy/image/upload/v1727490455/euqdjxg4jwk2outnybst.jpg","The Global Water Crisis: Understanding the Causes and Potential Solutions","This documentary provides a comprehensive look at the global water crisis, examining the factors that contribute to water scarcity and pollution, as well as innovative solutions being developed to address these issues.",0,true,"environment, education","66619677acfebd8a444b9c43","2024-09-15T10:23:59.478Z","2024-09-15T13:06:52.934Z"
"66e6b6a80b2ef4bbfa2e6a1e","https://res.cloudinary.com/dybgs03yy/video/upload/v1726385255/wsdzuuyrka8rj3ypqmg7.mp4","https://res.cloudinary.com/dybgs03yy/image/upload/v1727487227/qda6snct2vhyaukrvol0.jpg","Unlocking the Mysteries of Black Holes: Exploring the Most Fascinating Objects in the Universe","This video delves into the captivating world of black holes, explaining their formation, properties, and the incredible gravitational forces that pull everything, even light, into their depths. It also explores the ongoing research and theories surrounding these enigmatic objects.",0,true,"space, science","66619677acfebd8a444b9c43","2024-09-15T10:27:52.707Z","2024-09-15T13:06:52.934Z"
"66e6b6a80b2ef4bbfa2e6a1f","https://res.cloudinary.com/dybgs03yy/video/upload/v1726385255/wsdzuuyrka8rj3ypqmg7.mp4","https://res.cloudinary.com/dybgs03yy/image/upload/v1727487022/ieo6innx7fm443mc6aec.webp","The Psychology of Human Behavior: Why We Do What We Do","An intriguing look into the complexities of human behavior and the psychological factors that drive our actions. This video covers cognitive biases, social influences, and emotional triggers that shape everyday decisions and behaviors.",0,true,"psychology, education","66619677acfebd8a444b9c43","2024-09-15T10:27:52.708Z","2024-09-15T13:06:52.934Z"
"66e6b6a80b2ef4bbfa2e6a20","https://res.cloudinary.com/dybgs03yy/video/upload/v1726385255/wsdzuuyrka8rj3ypqmg7.mp4","https://res.cloudinary.com/dybgs03yy/image/upload/v1727490455/euqdjxg4jwk2outnybst.jpg","Building Smart Cities: The Integration of Technology for Sustainable Urban Living","This video explores the development of smart cities around the globe, where advanced technology and sustainable design merge to create more efficient, eco-friendly urban environments. Learn how data, sensors, and AI play key roles in shaping the future of cities.",0,true,"technology, sustainability","66619677acfebd8a444b9c43","2024-09-15T10:27:52.708Z","2024-09-15T13:06:52.934Z"
"66e6b6a80b2ef4bbfa2e6a21","https://res.cloudinary.com/dybgs03yy/video/upload/v1726385255/wsdzuuyrka8rj3ypqmg7.mp4","https://res.cloudinary.com/dybgs03yy/image/upload/v1727487022/ieo6innx7fm443mc6aec.webp","Understanding Blockchain Technology: A Comprehensive Guide for Beginners","This detailed guide introduces the fundamental concepts of blockchain technology, explaining how decentralized systems work, the use of cryptocurrencies, and the potential for blockchain to revolutionize industries from finance to healthcare.",0,true,"technology, education","66619677acfebd8a444b9c43","2024-09-15T10:27:52.709Z","2024-09-15T13:06:52.934Z"
"66e6b6a80b2ef4bbfa2e6a22","https://res.cloudinary.com/dybgs03yy/video/upload/v1726385255/wsdzuuyrka8rj3ypqmg7.mp4","https://res.cloudinary.com/dybgs03yy/image/upload/v1727490455/euqdjxg4jwk2outnybst.jpg","From Cave Paintings to AI: The Evolution of Art Throughout Human History","Explore the fascinating journey of human creativity through time, from the earliest cave paintings to the integration of AI in modern art. This video highlights key artistic movements and the influence of technology on the way art is created and consumed today.",0,true,"art, history","66619677acfebd8a444b9c43","2024-09-15T10:27:52.709Z","2024-09-15T13:06:52.934Z"
"66e6b6a80b2ef4bbfa2e6a23","https://res.cloudinary.com/dybgs03yy/video/upload/v1726385255/wsdzuuyrka8rj3ypqmg7.mp4","https://res.cloudinary.com/dybgs03yy/image/upload/v1727487022/ieo6innx7fm443mc6aec.webp","The Neuroscience of Creativity: Understanding How the Brain Generates Ideas","This insightful video dives into the neuroscience behind creativity, uncovering the brain regions and processes involved in generating new ideas. Learn about the factors that enhance creativity and how you can stimulate creative thinking in everyday life.",0,true,"science, education","66619677acfebd8a444b9c43","2024-09-15T10:27:52.709Z","2024-09-15T13:06:52.934Z"
"66e6b6a80b2ef4bbfa2e6a24","https://res.cloudinary.com/dybgs03yy/video/upload/v1726385255/wsdzuuyrka8rj3ypqmg7.mp4","https://res.cloudinary.com/dybgs03yy/image/upload/v1727494263/z37gdu6ck0s7flo12nom.jpg","The Global Food Crisis: Understanding the Causes and Solutions to Hunger","This documentary examines the global food crisis, focusing on the social, economic, and environmental factors contributing to hunger. The video also explores potential solutions, including sustainable agriculture, food distribution strategies, and technological innovations.",0,true,"environment, social issues","66619677acfebd8a444b9c43","2024-09-15T10:27:52.709Z","2024-09-15T13:06:52.934Z"
"66e6b6a80b2ef4bbfa2e6a25","https://res.cloudinary.com/dybgs03yy/video/upload/v1726385255/wsdzuuyrka8rj3ypqmg7.mp4","https://res.cloudinary.com/dybgs03yy/image/upload/v1727490320/zmxxfaly7zsuc4lb7kbf.png","Digital Marketing Mastery: Strategies for Growing Your Business Online","This tutorial offers a deep dive into the world of digital marketing, covering essential strategies such as SEO, social media marketing, content creation, and email campaigns to help grow your business online.",0,true,"business, marketing","66619677acfebd8a444b9c43","2024-09-15T10:27:52.709Z","2024-09-15T13:06:52.934Z"
"66e6b6a80b2ef4bbfa2e6a26","https://res.cloudinary.com/dybgs03yy/video/upload/v1726385255/wsdzuuyrka8rj3ypqmg7.mp4","https://res.cloudinary.com/dybgs03yy/image/upload/v1727490455/euqdjxg4jwk2outnybst.jpg","AI in Healthcare: Transforming Medicine with Artificial Intelligence","Discover how AI is transforming the healthcare industry, from improving diagnostic accuracy to predicting patient outcomes and personalizing treatment plans. The video highlights case studies where AI is making a real difference in patient care.",0,true,"technology, healthcare","66619677acfebd8a444b9c43","2024-09-15T10:27:52.709Z","2024-09-15T13:06:52.935Z"
"66e6b6a80b2ef4bbfa2e6a27","https://res.cloudinary.com/dybgs03yy/video/upload/v1726385255/wsdzuuyrka8rj3ypqmg7.mp4","https://res.cloudinary.com/dybgs03yy/image/upload/v1727490455/euqdjxg4jwk2outnybst.jpg","The Future of Renewable Energy: Innovations in Solar, Wind, and Hydropower","Explore the cutting-edge innovations in renewable energy, including advancements in solar, wind, and hydropower technologies. This video examines how these renewable sources are helping reduce carbon emissions and provide sustainable energy solutions worldwide.",0,true,"technology, environment","66619677acfebd8a444b9c43","2024-09-15T10:27:52.710Z","2024-09-15T13:06:52.935Z"
"66e6b6a80b2ef4bbfa2e6a28","https://res.cloudinary.com/dybgs03yy/video/upload/v1726385255/wsdzuuyrka8rj3ypqmg7.mp4","https://res.cloudinary.com/dybgs03yy/image/upload/v1727490587/rw2wbvbkvqbfwj4wjyif.jpg","The Importance of Mental Health Awareness: Reducing Stigma and Promoting Well-Being","This video emphasizes the significance of mental health awareness, discussing common mental health disorders, the impact of stigma, and how individuals and communities can promote emotional well-being through open dialogue and support systems.",0,true,"wellness, education","66619677acfebd8a444b9c43","2024-09-15T10:27:52.710Z","2024-09-15T13:06:52.935Z"
"66e6b7eba8ad97c614c23c4a","https://res.cloudinary.com/dybgs03yy/video/upload/v1726385255/wsdzuuyrka8rj3ypqmg7.mp4","https://res.cloudinary.com/dybgs03yy/image/upload/v1727487022/ieo6innx7fm443mc6aec.webp","The Fascinating World of Quantum Computing: Breaking Down Complex Concepts","Explore the revolutionary field of quantum computing with a detailed explanation of its principles, potential applications, and how it differs from classical computing. This video provides insights into how quantum computers could transform industries ranging from cryptography to materials science.",0,true,"technology, science","66619677acfebd8a444b9c43","2024-09-15T10:33:15.785Z","2024-09-15T13:06:52.935Z"
"66e6b7eba8ad97c614c23c4b","https://res.cloudinary.com/dybgs03yy/video/upload/v1726385255/wsdzuuyrka8rj3ypqmg7.mp4","https://res.cloudinary.com/dybgs03yy/image/upload/v1727490320/zmxxfaly7zsuc4lb7kbf.png","The Impact of Climate Change on Global Ecosystems: Challenges and Solutions","This video examines the effects of climate change on various ecosystems around the world, highlighting the impact on biodiversity, weather patterns, and human societies. It also discusses potential solutions and mitigation strategies to address these environmental challenges.",0,true,"environment, education","66619677acfebd8a444b9c43","2024-09-15T10:33:15.786Z","2024-09-15T13:06:52.935Z"
"66e6b7eba8ad97c614c23c4c","https://res.cloudinary.com/dybgs03yy/video/upload/v1726385255/wsdzuuyrka8rj3ypqmg7.mp4","https://res.cloudinary.com/dybgs03yy/image/upload/v1727487227/qda6snct2vhyaukrvol0.jpg","Innovations in Renewable Energy: Exploring New Technologies and Their Potential","Dive into the latest advancements in renewable energy technologies, including breakthroughs in solar, wind, and geothermal energy. This video explores how these innovations are driving the transition to a more sustainable energy future.",0,true,"technology, environment","66619677acfebd8a444b9c43","2024-09-15T10:33:15.786Z","2024-09-15T13:06:52.935Z"
"66e6b7eba8ad97c614c23c4d","https://res.cloudinary.com/dybgs03yy/video/upload/v1726385255/wsdzuuyrka8rj3ypqmg7.mp4","https://res.cloudinary.com/dybgs03yy/image/upload/v1727490455/euqdjxg4jwk2outnybst.jpg","Understanding Human Genetics: The Role of DNA in Health and Disease","Explore the fundamentals of human genetics, including how DNA influences health, disease, and inheritance. This video provides insights into genetic research, the implications of genetic disorders, and the potential of personalized medicine.",0,true,"science, health","66619677acfebd8a444b9c43","2024-09-15T10:33:15.786Z","2024-09-15T13:06:52.935Z"
"66e6b7eba8ad97c614c23c4e","https://res.cloudinary.com/dybgs03yy/video/upload/v1726385255/wsdzuuyrka8rj3ypqmg7.mp4","https://res.cloudinary.com/dybgs03yy/image/upload/v1727487022/ieo6innx7fm443mc6aec.webp","The Evolution of Communication Technologies: From the Telegraph to the Internet","Trace the development of communication technologies from the invention of the telegraph to the rise of the internet. This video highlights key milestones, technological innovations, and how they have shaped the way we connect and communicate.",0,true,"history, technology","66619677acfebd8a444b9c43","2024-09-15T10:33:15.786Z","2024-09-15T13:06:52.935Z"
"66e6b7eba8ad97c614c23c4f","https://res.cloudinary.com/dybgs03yy/video/upload/v1726385255/wsdzuuyrka8rj3ypqmg7.mp4","https://res.cloudinary.com/dybgs03yy/image/upload/v1727487022/ieo6innx7fm443mc6aec.webp","Exploring the Mysteries of Ancient Civilizations: Lost Cities and Forgotten Cultures","This video delves into the world of ancient civilizations, uncovering the secrets of lost cities and forgotten cultures. Learn about archaeological discoveries, historical theories, and the legacy of these early societies.",0,true,"history, archaeology","66619677acfebd8a444b9c43","2024-09-15T10:33:15.786Z","2024-09-15T13:06:52.935Z"
"66e6b7eba8ad97c614c23c50","https://res.cloudinary.com/dybgs03yy/video/upload/v1726385255/wsdzuuyrka8rj3ypqmg7.mp4","https://res.cloudinary.com/dybgs03yy/image/upload/v1727487022/ieo6innx7fm443mc6aec.webp","The Future of Artificial Intelligence: Exploring Potential Developments and Ethical Implications","Explore the future of artificial intelligence, focusing on potential developments and ethical considerations. This video discusses how AI might evolve, the possible benefits and risks, and the ethical dilemmas that come with advanced AI technologies.",0,true,"technology, ethics","66619677acfebd8a444b9c43","2024-09-15T10:33:15.786Z","2024-09-15T13:06:52.935Z"
"66e6b7eba8ad97c614c23c51","https://res.cloudinary.com/dybgs03yy/video/upload/v1726385255/wsdzuuyrka8rj3ypqmg7.mp4","https://res.cloudinary.com/dybgs03yy/image/upload/v1727494263/z37gdu6ck0s7flo12nom.jpg","The Science of Sleep: Understanding How Sleep Affects Our Health and Well-Being","This informative video explores the science behind sleep, including its stages, the effects of sleep on physical and mental health, and tips for improving sleep quality. Learn about the importance of sleep and how it impacts overall well-being.",0,true,"health, science","66619677acfebd8a444b9c43","2024-09-15T10:33:15.786Z","2024-09-15T13:06:52.935Z"
"66e6b7eba8ad97c614c23c52","https://res.cloudinary.com/dybgs03yy/video/upload/v1726385255/wsdzuuyrka8rj3ypqmg7.mp4","https://res.cloudinary.com/dybgs03yy/image/upload/v1727487227/qda6snct2vhyaukrvol0.jpg","The Art of Storytelling: Techniques for Crafting Compelling Narratives","Learn the art of storytelling with this comprehensive guide on crafting engaging and memorable narratives. This video covers essential techniques, including character development, plot structure, and narrative style, to help you become a more effective storyteller.",0,true,"art, education","66619677acfebd8a444b9c43","2024-09-15T10:33:15.786Z","2024-09-15T13:06:52.935Z"
"66e6b7eba8ad97c614c23c53","https://res.cloudinary.com/dybgs03yy/video/upload/v1726385255/wsdzuuyrka8rj3ypqmg7.mp4","https://res.cloudinary.com/dybgs03yy/image/upload/v1727487022/ieo6innx7fm443mc6aec.webp","The Rise of Renewable Energy: How Solar and Wind Power are Changing the World","Explore the rapid rise of renewable energy sources, particularly solar and wind power. This video highlights advancements in technology, the benefits of renewable energy, and its impact on reducing global dependence on fossil fuels.",0,true,"environment, technology","66619677acfebd8a444b9c43","2024-09-15T10:33:15.787Z","2024-09-15T13:06:52.935Z"
"66e6b7eba8ad97c614c23c54","https://res.cloudinary.com/dybgs03yy/video/upload/v1726385255/wsdzuuyrka8rj3ypqmg7.mp4","https://res.cloudinary.com/dybgs03yy/image/upload/v1727490320/zmxxfaly7zsuc4lb7kbf.png","The Evolution of Artificial Intelligence: From Early Concepts to Modern Applications","Discover the evolution of artificial intelligence, tracing its origins from early theoretical concepts to contemporary applications in various fields. This video provides a historical perspective on AI development and its growing role in technology and society.",0,true,"technology, history","66619677acfebd8a444b9c43","2024-09-15T10:33:15.787Z","2024-09-15T13:06:52.935Z"
"66e6b7eba8ad97c614c23c55","https://res.cloudinary.com/dybgs03yy/video/upload/v1726385255/wsdzuuyrka8rj3ypqmg7.mp4","https://res.cloudinary.com/dybgs03yy/image/upload/v1727487022/ieo6innx7fm443mc6aec.webp","The Power of Mindfulness: Techniques for Enhancing Mental Clarity and Emotional Balance","Explore the benefits of mindfulness and how it can enhance mental clarity and emotional balance. This video provides practical techniques for incorporating mindfulness into your daily routine, as well as the science behind its positive effects on well-being.",0,true,"wellness, education","66619677acfebd8a444b9c43","2024-09-15T10:33:15.787Z","2024-09-15T13:06:52.935Z"
"66e6b7eba8ad97c614c23c56","https://res.cloudinary.com/dybgs03yy/video/upload/v1726385255/wsdzuuyrka8rj3ypqmg7.mp4","https://res.cloudinary.com/dybgs03yy/image/upload/v1727487022/ieo6innx7fm443mc6aec.webp","Exploring the Universe: The Role of Space Telescopes in Expanding Our Knowledge","Discover the role of space telescopes in expanding our understanding of the universe. This video covers the history of space telescopes, their major discoveries, and how they continue to push the boundaries of astronomical research.",0,true,"space, science","66619677acfebd8a444b9c43","2024-09-15T10:33:15.787Z","2024-09-15T13:06:52.935Z"
"66e6b7eba8ad97c614c23c57","https://res.cloudinary.com/dybgs03yy/video/upload/v1726385255/wsdzuuyrka8rj3ypqmg7.mp4","https://res.cloudinary.com/dybgs03yy/image/upload/v1727490320/zmxxfaly7zsuc4lb7kbf.png","The Science of Nutrition: Understanding How Diet Impacts Your Health","This video explores the science of nutrition, including how different nutrients affect the body, the role of diet in maintaining health, and tips for making healthier food choices. Learn about the impact of nutrition on overall well-being and disease prevention.",0,true,"health, science","66619677acfebd8a444b9c43","2024-09-15T10:33:15.787Z","2024-09-15T13:06:52.935Z"
"66e6b7eba8ad97c614c23c58","https://res.cloudinary.com/dybgs03yy/video/upload/v1726385255/wsdzuuyrka8rj3ypqmg7.mp4","https://res.cloudinary.com/dybgs03yy/image/upload/v1727490320/zmxxfaly7zsuc4lb7kbf.png","The Future of Space Exploration: Upcoming Missions and Technological Advances","Explore the future of space exploration with a look at upcoming missions and technological advancements. This video covers planned space missions, new technologies in spacecraft design, and the goals of space agencies for the next decade.",0,true,"space, technology","66619677acfebd8a444b9c43","2024-09-15T10:33:15.787Z","2024-09-15T13:06:52.935Z"
"66e6b7eba8ad97c614c23c59","https://res.cloudinary.com/dybgs03yy/video/upload/v1726385255/wsdzuuyrka8rj3ypqmg7.mp4","https://res.cloudinary.com/dybgs03yy/image/upload/v1727490320/zmxxfaly7zsuc4lb7kbf.png","The Psychology of Decision Making: How Cognitive Biases Influence Our Choices","This video delves into the psychology of decision making, exploring how cognitive biases and heuristics affect our choices. Learn about common biases, their impact on decision making, and strategies for making more informed and rational decisions.",0,true,"psychology, education","66619677acfebd8a444b9c43","2024-09-15T10:33:15.787Z","2024-09-15T13:06:52.935Z"
"66efa72d627b65265201888c","https://res.cloudinary.com/dybgs03yy/video/upload/v1726981865/ylznfaezaxnblcotv9qt.mp4","https://res.cloudinary.com/dybgs03yy/image/upload/v1727475062/scmgwjuky4api60bhslp.jpg","The provided code snippet is a C++ function that checks if a given set of nodes forms a valid binary tree. ","The provided code snippet is a C++ function that checks if a given set of nodes forms a valid binary tree. The function takes three parameters: *n: the number of nodes in the tree, *leftChild: a vector of integers representing the left child of each node, and *rightChild: a vector of integers representing the right child of each node. The function first creates two vectors: adj and indegree. adj is a vector of vectors, where each inner vector stores the adjacent nodes of a particular node. indegree is a vector of integers, where each element stores the in-degree of a particular node. The function then iterates through the nodes and updates the adj and indegree vectors accordingly. If a node has a left child, the left child is added to the adj vector of the current node and the in-degree of the left child is incremented. Similarly, if a node has a right child, the right child is added to the adj vector of the current node and the in-degree of the right child is incremented. After updating the adj and indegree vectors, the function iterates through the nodes again and checks if there is a node with in-degree 0. If such a node is found, the function sets the root of the tree to that node. If no such node is found, the function returns false. Finally, the function checks if the root of the tree is -1. If it is, the function returns false. Otherwise, it returns true. This function checks if a given set of nodes forms a valid binary tree. It does this by building an adjacency list and checking the in-degree of each node. If there is only one node with in-degree 0, then it is the root of the tree, and the tree is valid. Otherwise, the tree is invalid. The function is implemented in C++ and uses the standard library. It is well-commented and easy to understand. The function is also efficient and has a time complexity of O(n), where n is the number of nodes in the tree. This code can be used to manufacture a binary tree validator by integrating it into a software application or system that requires validation of binary trees. For example, it could be used in a data processing pipeline to ensure that data is stored in a valid binary tree format. It could also be used in a game engine to validate the structure of game objects that are represented as binary trees. Overall, this is a well-written and efficient C++ function that can be used to manufacture a binary tree validator.",0,false,"coding","66619677acfebd8a444b9c43","2024-09-22T05:12:13.936Z","2024-09-22T05:12:13.936Z"
"66f29cb72684223004476088","https://res.cloudinary.com/dybgs03yy/video/upload/v1727175837/c4skahpovslnq06qafie.mp4","https://res.cloudinary.com/dybgs03yy/image/upload/v1727494263/z37gdu6ck0s7flo12nom.jpg","This product is a digital design that can be created using a graphic design software such as Adobe Photoshop or Illustrator. ","This product is a digital design that can be created using a graphic design software such as Adobe Photoshop or Illustrator. 
